{"schemaVersion":"1.0","appDefinitionTemplate":{"id":"/providers/Microsoft.PowerApps/apps/","type":"Microsoft.PowerApps/apps","tags":{"primaryDeviceWidth":"640","primaryDeviceHeight":"1136","supportsPortrait":"true","supportsLandscape":"true","primaryFormFactor":"Phone","publisherVersion":"3.23051.33","minimumRequiredApiVersion":"2.2.0","hasComponent":"false","hasUnlockedComponent":"false","isUnifiedRootApp":"false","sienaVersion":"20230530T032324Z-3.23051.33.0"},"properties":{"appVersion":"2023-05-30T03:23:24Z","lifeCycleId":"Published","createdByClientVersion":{"major":3,"minor":23051,"build":33,"revision":0,"majorRevision":0,"minorRevision":0},"minClientVersion":{"major":3,"minor":23051,"build":33,"revision":0,"majorRevision":0,"minorRevision":0},"backgroundColor":"RGBA(0,176,240,1)","backgroundImageUri":"/1745906547294574981/Nfa3aeeb3-aced-47b7-92bc-bfa7f70de826-logoSmallFile","displayName":"Desafio DIO","description":"","commitMessage":"","appUris":{"documentUri":{"value":"/1745906547294574981/Na165e7a2-be00-4bfd-93c4-bf8fbbc282a0-document.msapp"},"imageUris":[],"additionalUris":[]},"createdTime":"0001-01-01T00:00:00Z","lastModifiedTime":"0001-01-01T00:00:00Z","sharedGroupsCount":0,"sharedUsersCount":0,"connectionReferences":{},"databaseReferences":{"default.cds":{"databaseDetails":{"referenceType":"NotSpecified","environmentName":"default.cds","overrideValues":{"status":"NotSpecified"}},"dataSources":{"Instrutores":{"entitySetName":"cr79b_instrutors","logicalName":"cr79b_instrutor"}},"actions":["providers/PowerPlatform.Governance/Operations/Read","providers/PowerPlatform.Governance/Operations/Write","providers/PowerPlatform.Governance/Operations/Delete"]}},"almMode":"Environment","performanceOptimizationEnabled":true,"canConsumeAppPass":true,"enableModernRuntimeMode":false,"executionRestrictions":{"isTeamsOnly":false,"dataLossPreventionEvaluationResult":{"status":"Compliant","lastEvaluationDate":"2023-05-30T03:23:26.1803718Z","violations":[],"violationsByPolicy":[],"violationErrorMessage":"A aplicação utiliza os seguintes conectores: shared_commondataservice."}}},"appType":"ClassicCanvasApp","appComponents":[]}}